library_id,library_name,location
1,Knight-Gibson,"66584 Bryant Lake
Kevinview, IL 19184"
2,Frank Group,"26760 Rodriguez Green Suite 448
Carrollland, GA 20834"
3,"Contreras, Christensen and Henderson","94945 Morgan Turnpike Suite 750
North Jamesbury, HI 57961"
4,"Bradley, Cabrera and Murphy","64992 Wise Road
Brownborough, SC 56420"
5,"Hanna, Johnson and Valdez","11959 Blake Parkways
West Michellebury, WI 98050"
6,"Melton, Cole and Moreno","PSC 6205, Box 2877
APO AP 29495"
7,Gibson-Navarro,"0217 Hall Fort
Ambermouth, SD 33053"
8,Alvarado-Molina,"52716 Daniel Ports
Lake David, NE 32043"
9,Berry PLC,"8454 Melissa Extensions
New Amymouth, PW 44892"
10,Armstrong and Sons,"080 Maxwell Fort Suite 947
New Dylanberg, GU 62343"
